Date,Price,Open,High,Low
10/27/2023,1998.5,1995,2019.7,1986.4
10/26/2023,1997.4,1991.2,2003.7,1981.6
10/25/2023,1994.9,1982.7,1998.6,1973.6
10/24/2023,1986.1,1984.1,1992,1964.6
10/23/2023,1987.8,1987.7,1994.3,1971
10/20/2023,1994.4,1988,2009.2,1983.7
10/19/2023,1980.5,1960.1,1990.2,1957
10/18/2023,1968.3,1936.7,1975.8,1935.9
10/17/2023,1935.7,1933.3,1944.5,1924.6
10/16/2023,1934.3,1941.3,1943,1921.2
10/13/2023,1941.5,1881.7,1946.2,1881.5
10/12/2023,1883,1888.1,1898.3,1880.6
10/11/2023,1887.3,1873.7,1890.9,1871.7
10/10/2023,1875.3,1875.4,1879.1,1866.1
10/9/2023,1864.3,1861,1877.3,1857.5
10/6/2023,1845.2,1834.3,1849,1823.5
10/5/2023,1831.8,1837.6,1843.5,1826.2
10/4/2023,1834.8,1838.7,1846.8,1831.6
10/3/2023,1841.5,1844.9,1849.3,1830.9
10/2/2023,1847.2,1864.4,1864.7,1842.7
9/29/2023,1866.1,1882.3,1896.7,1862.3
9/28/2023,1878.6,1893.3,1896.8,1874.5
9/27/2023,1890.9,1918.8,1921.7,1890.3
9/26/2023,1919.8,1935.1,1935.5,1917.2
9/25/2023,1936.6,1944.7,1946.8,1933.8
9/22/2023,1945.6,1939.6,1949.1,1939.6
9/21/2023,1939.6,1952,1952.2,1933.1
9/20/2023,1967.1,1953,1968.9,1948.6
9/19/2023,1953.7,1955.3,1958.9,1950.9
9/18/2023,1953.4,1945.7,1955.7,1943.8
9/15/2023,1946.2,1932.5,1952.4,1931.2
9/14/2023,1932.8,1930.7,1934.5,1921.7
9/13/2023,1932.5,1935.2,1938.4,1927.2
9/12/2023,1935.1,1945.6,1947.5,1929.9
9/11/2023,1947.2,1943.3,1954.6,1939.5
9/8/2023,1942.7,1943.8,1954,1940.8
9/7/2023,1942.5,1942.2,1947.9,1940.3
9/6/2023,1944.2,1951.5,1954.5,1940
9/5/2023,1952.6,1966.7,1972.6,1950.6
9/4/2023,1963.25,1966.6,1972.55,1962.55
9/3/2023,1966.65,1966.4,1967.05,1965.5
9/1/2023,1967.1,1966.4,1980.2,1960.7
8/31/2023,1965.9,1970.2,1974.9,1965.5
8/30/2023,1973,1966,1977.1,1962.8
8/29/2023,1965.1,1948.1,1966.5,1941.7
8/28/2023,1946.8,1944,1954.2,1940.1
8/25/2023,1939.9,1944.9,1950.4,1931
8/24/2023,1947.1,1944.9,1951.3,1939.2
8/23/2023,1948.1,1926.8,1949.7,1926.2
8/22/2023,1926,1924,1933.2,1917.5
8/21/2023,1923,1918.4,1927.9,1913.6
8/18/2023,1916.5,1919.2,1926,1915.9
8/17/2023,1915.2,1922.4,1933.5,1914.2
8/16/2023,1928.3,1933.1,1938.2,1922
8/15/2023,1935.2,1939.4,1944.3,1927.5
8/14/2023,1944,1945.6,1948.2,1934.2
8/11/2023,1946.6,1944.9,1953.6,1942.7
8/10/2023,1948.9,1947.7,1963.5,1944.4
8/9/2023,1950.6,1959.3,1966.1,1947.2
8/8/2023,1959.9,1971.5,1972.8,1956.5
8/7/2023,1970,1977.6,1981.7,1966.1
8/4/2023,1976.1,1969.6,1984.2,1954.5
8/3/2023,1968.8,1970.8,1974.5,1964.5
8/2/2023,1975,1988.9,1992.2,1969.1
8/1/2023,1978.8,2004.2,2004.4,1978.3
7/31/2023,2009.2,1997.9,2010.9,1986.7
7/28/2023,1999.9,1985.3,2002,1983.9
7/27/2023,1965.3,1991.8,2002,1961.4
7/26/2023,1989.7,1985.9,1999.3,1982.8
7/25/2023,1983.1,1976.1,1986.2,1971.1
7/24/2023,1981.6,1983.2,1988.7,1974.7
7/21/2023,1966.6,1972.1,1975.9,1958.8
7/20/2023,1970.9,1980,1989.8,1967.7
7/19/2023,1980.8,1982.5,1984.6,1973.3
7/18/2023,1980.8,1958.3,1988.3,1958.1
7/17/2023,1956.4,1958.6,1963.6,1949
7/14/2023,1964.4,1965.2,1967.8,1954.7
7/13/2023,1963.8,1962.7,1968.5,1956.6
7/12/2023,1961.7,1938,1965.1,1937.5
7/11/2023,1937.1,1930.8,1944.5,1929.8
7/10/2023,1931,1930.7,1933.7,1918
7/7/2023,1932.5,1916.6,1941.1,1915.4
7/6/2023,1915.4,1922.4,1934,1908.5
7/5/2023,1927.1,1929.1,1942.9,1922.1
7/4/2023,1933.95,1928.85,1938.05,1927.75
7/3/2023,1929.5,1927.8,1939.9,1917.7
6/30/2023,1929.4,1916.4,1930.8,1908.1
6/29/2023,1917.9,1916.5,1921.3,1900.6
6/28/2023,1913.4,1915.2,1916.7,1903.6
6/27/2023,1915.1,1927.4,1930.2,1912.3
6/26/2023,1925.1,1926.4,1934.5,1923
6/23/2023,1921,1915,1939.3,1911.3
6/22/2023,1915,1935.9,1935.9,1914
6/21/2023,1936.1,1939.5,1940.7,1922.2
6/20/2023,1938.9,1961.7,1961.7,1932.4
6/19/2023,1964.05,1969.55,1970.85,1959.9
6/18/2023,1969.45,1970.85,1971.7,1968.65
6/16/2023,1962.2,1961.3,1970.6,1956.7
6/15/2023,1961.8,1948.8,1963.7,1929.6
6/14/2023,1968.9,1957.2,1973.9,1952.5
6/13/2023,1958.6,1971.4,1985.9,1953
6/12/2023,1969.7,1975.6,1981.4,1963.1
6/9/2023,1977.2,1980.5,1987.8,1971
6/8/2023,1978.6,1956.2,1985.7,1955.2
6/7/2023,1958.4,1980,1986.5,1955.4
6/6/2023,1981.5,1978,1982.9,1970.3
6/5/2023,1974.3,1962.3,1980.4,1953.8
6/2/2023,1969.6,1994.6,2000.5,1963.7
6/1/2023,1995.5,1981.3,2000.7,1970.1
5/31/2023,1982.1,1977.5,1993.1,1971.8
5/30/2023,1977.1,1961.3,1981.9,1949.6
5/29/2023,1959.75,1961.45,1968.15,1958.1
5/28/2023,1961.5,1964.55,1964.55,1960.05
5/26/2023,1963.1,1961.8,1975.7,1954.7
5/25/2023,1943.1,1959.5,1965.4,1939
5/24/2023,1962.8,1975.4,1975.4,1969.2
5/23/2023,1972.4,1973.9,1980,1955.8
5/22/2023,1974.8,1980.5,1980.5,1980.5
5/19/2023,1978.7,1960,1976.7,1960
5/18/2023,1956.5,1956.8,1956.8,1956.8
5/17/2023,1980.7,1983.6,1983.6,1983.6
5/16/2023,1988.4,2021.3,2022.7,1989.1
5/15/2023,2018,2013.8,2017.1,2013.8
5/12/2023,2019.8,2020.5,2027.8,2005.7
5/11/2023,2020.5,2036.8,2047.6,2016.7
5/10/2023,2037.1,2041.6,2056,2028.3
5/9/2023,2042.9,2028.4,2045.1,2026.4
5/8/2023,2033.2,2024.6,2037.1,2022
5/5/2023,2024.8,2058,2061.3,2007
5/4/2023,2055.7,2054.7,2085.4,2038.5
5/3/2023,2037,2026.4,2050,2016
5/2/2023,2023.3,1990.5,2028.8,1986.9
5/1/2023,1992.2,2000.2,2015.4,1985.7
4/28/2023,1999.1,1997.2,2004.1,1984.4
4/27/2023,1999,1999.8,2013.3,1982
4/26/2023,1986.9,2000,2009.8,1986.6
4/25/2023,1995.1,1995.4,2005,1979.3
4/24/2023,1990.6,1983.2,1991,1975.3
4/21/2023,1981.3,2005.1,2007,1973
4/20/2023,2009.8,1996.5,2014.5,1994.2
4/19/2023,1998,2008.5,2009.7,1971.9
4/18/2023,2010.3,1997.1,2013.4,1994.5
4/17/2023,1994.2,2002.7,2007.6,1983.2
4/14/2023,2002.2,2041,2047.8,1995
4/13/2023,2041.3,2015.6,2048.6,2015.6
4/12/2023,2010.9,2005.2,2025.7,2005.2
4/11/2023,2004.8,1991.4,2006.5,1991.4
4/10/2023,1989.1,2000,2006.6,1984
4/6/2023,2011.9,2022.2,2023.3,2005
4/5/2023,2020.9,2022.1,2033.8,2013.6
4/4/2023,2022.2,1984.6,2027.1,1979
4/3/2023,1983.9,1968.1,1991.7,1950
3/31/2023,1969,1981.3,1986.8,1968
3/30/2023,1980.3,1965.9,1984.4,1954.9
3/29/2023,1966.9,1975.4,1976,1959.5
3/28/2023,1973.5,1957.8,1977.1,1949.9
3/27/2023,1971.5,2000.3,2001.5,1962.7
3/24/2023,2001.7,2013.3,2023.9,1995.7
3/23/2023,2013.3,1992.5,2023.3,1984.4
3/22/2023,1966.6,1959.7,1999.4,1953.7
3/21/2023,1958.3,2000.7,2005.7,1955.9
3/20/2023,1999.7,2008.6,2031.7,1987
3/17/2023,1990.2,1942.7,2010.4,1939.1
3/16/2023,1939.7,1940.2,1954.6,1928.4
3/15/2023,1948.1,1924.5,1959.1,1906
3/14/2023,1910.9,1919.4,1919.4,1899.8
3/13/2023,1916.5,1877.1,1919.5,1875.7
3/10/2023,1867.2,1835.1,1874.3,1830
3/9/2023,1834.6,1818,1839.4,1815.4
3/8/2023,1818.6,1818,1828.7,1813.4
3/7/2023,1820,1852.6,1856.9,1817.1
3/6/2023,1854.6,1861,1864.3,1850.6
3/3/2023,1854.6,1842.1,1864.4,1842
3/2/2023,1840.5,1843.8,1845.3,1835.9
3/1/2023,1845.4,1834,1852.5,1829.6
2/28/2023,1836.7,1823.9,1838.6,1810.8
2/27/2023,1824.9,1818,1827.3,1812
2/24/2023,1809.2,1825.2,1827.1,1808.8
2/23/2023,1818.8,1823.6,1832.7,1818.3
2/22/2023,1833.3,1837,1846.4,1825.1
2/21/2023,1842.5,1850.5,1856.4,1839
2/20/2023,1850.5,1847.55,1856.35,1846.3
2/19/2023,1847.75,1851.2,1852.15,1847.55
2/17/2023,1840.4,1827.4,1842.2,1818.4
2/16/2023,1842,1838.6,1843.7,1827.2
2/15/2023,1834.2,1842,1842,1828.2
2/14/2023,1854,1854.1,1862,1846.2
2/13/2023,1851.9,1859,1861,1850
2/10/2023,1862.8,1861.6,1863.5,1852.4
2/9/2023,1866.2,1875.3,1884.6,1859.8
2/8/2023,1877.4,1872.1,1880.4,1872.1
2/7/2023,1871.7,1870,1875.7,1868
2/6/2023,1866.2,1865.6,1880,1863.4
2/3/2023,1862.9,1912.4,1917,1861.5
2/2/2023,1916.3,1952.3,1959.1,1911.3
2/1/2023,1927.8,1927.2,1955,1922
1/31/2023,1929.5,1923,1930.4,1900.6
1/30/2023,1922.9,1928.3,1933.6,1920.3
1/27/2023,1936.6,1936.8,1943,1923.7
1/26/2023,1937.6,1955.3,1957,1926.5
1/25/2023,1950.3,1946,1956,1928.7
1/24/2023,1943.1,1940.5,1950.6,1926.3
1/23/2023,1936.2,1936.1,1943.7,1920.1
1/20/2023,1928.2,1933.7,1939,1922
1/19/2023,1923.9,1907,1936.9,1902
1/18/2023,1907,1911.1,1929.8,1898.6
1/17/2023,1907.2,1920.1,1920.1,1905.2
1/16/2023,1909.9,1923.8,1931.8,1906.2
1/15/2023,1919.9,1923.25,1923.6,1919.85
1/13/2023,1921.7,1898.8,1925.3,1895.1
1/12/2023,1898.8,1879.7,1906.5,1872.4
1/11/2023,1878.9,1881.3,1890.9,1870.9
1/10/2023,1876.5,1875.7,1885.2,1872
1/9/2023,1877.8,1872.8,1886.4,1869.3
1/6/2023,1869.7,1835.9,1875.2,1835.2
1/5/2023,1840.6,1861.2,1864.3,1829.9
1/4/2023,1859,1845.2,1871.3,1842
1/3/2023,1846.1,1831.8,1856.6,1831.3
1/2/2023,1835.8,1834.55,1837.9,1831.4
12/30/2022,1826.2,1821.8,1832.4,1819.8
12/29/2022,1826,1812.3,1827.3,1811.2
12/28/2022,1815.8,1822.4,1822.8,1804.2
12/27/2022,1823.1,1808.2,1841.9,1808
12/26/2022,1809.7,1805.8,1811.95,1805.55
12/23/2022,1804.2,1801,1812.2,1798.9
12/22/2022,1795.3,1823.8,1829.3,1792.7
12/21/2022,1825.4,1827.9,1833.8,1821.3
12/20/2022,1825.4,1796.8,1832.4,1793.7
12/19/2022,1797.7,1801.6,1808.6,1793.2
12/16/2022,1800.2,1786.9,1804.2,1783.9
12/15/2022,1787.8,1818.7,1819.7,1782
12/14/2022,1818.7,1822.6,1825.4,1806.2
12/13/2022,1825.5,1792.3,1836.9,1791.8
12/12/2022,1792.3,1808,1809.3,1789
12/9/2022,1810.7,1801.9,1819,1800.1
12/8/2022,1801.5,1799.5,1806.9,1793.2
12/7/2022,1798,1783.3,1803.2,1780.5
12/6/2022,1782.4,1780.8,1793.2,1779.1
12/5/2022,1781.3,1810.5,1822.9,1778.1
12/2/2022,1809.6,1817,1818.7,1791.8
12/1/2022,1815.2,1783.1,1818.4,1782.9
11/30/2022,1759.9,1763.4,1784.2,1758.2
11/29/2022,1763.7,1754.6,1773.4,1752.9
11/28/2022,1740.3,1755,1763.5,1738.2
11/25/2022,1754,1751,1761.2,1745.9
11/24/2022,1754,1751,1761.2,1745.9
11/23/2022,1745.6,1740.8,1754.9,1719
11/22/2022,1739.9,1739.7,1751,1737.6
11/21/2022,1739.6,1752,1755,1733.9
11/18/2022,1754.4,1763.1,1769.9,1749.2
11/17/2022,1763,1777,1777.6,1756.6
11/16/2022,1775.8,1782,1788.2,1773.4
11/15/2022,1776.8,1774,1791.8,1770.2
11/14/2022,1776.9,1769.4,1778.4,1755.8
11/11/2022,1769.4,1758.3,1775.6,1750.3
11/10/2022,1753.7,1709.7,1760.6,1705.5
11/9/2022,1713.7,1715.2,1725.8,1705.1
11/8/2022,1716,1678,1720.4,1667.1
11/7/2022,1680.5,1678.6,1685.6,1670
11/4/2022,1676.6,1631.7,1686.4,1631.1
11/3/2022,1630.9,1639.1,1643.2,1618.3
11/2/2022,1650,1651.4,1673.1,1637.4
11/1/2022,1649.7,1636.1,1660.3,1633.6
10/31/2022,1640.7,1647.2,1648.5,1634.5
10/28/2022,1644.8,1667.2,1670.9,1640.7
10/27/2022,1665.6,1668.8,1674.8,1658.5
10/26/2022,1669.2,1657.7,1679.4,1653.8
10/25/2022,1658,1654.5,1666.8,1641.2
10/24/2022,1654.1,1662.9,1675.5,1648
10/21/2022,1656.3,1632.4,1663.1,1621.1
10/20/2022,1636.8,1634.6,1650.3,1626.3
10/19/2022,1634.2,1657.2,1659.8,1632.2
10/18/2022,1655.8,1655.9,1666,1650.6
10/17/2022,1664,1649.9,1674.3,1649.1
10/14/2022,1648.9,1672.8,1677.8,1645.6
10/13/2022,1677,1680.2,1688.9,1648.3
10/12/2022,1677.5,1673.4,1685.1,1668
10/11/2022,1686,1675.6,1691.3,1667.5
10/10/2022,1675.2,1703.4,1707.4,1672.5
10/7/2022,1709.3,1721,1722.8,1698.4
10/6/2022,1720.8,1725.5,1734.2,1714.8
10/5/2022,1720.8,1734.4,1736.6,1708.8
10/4/2022,1730.5,1708.4,1738.7,1704
10/3/2022,1702,1670.5,1710.4,1666.5
9/30/2022,1672,1669.5,1684.4,1667.5
9/29/2022,1668.6,1669,1673.1,1649.3
9/28/2022,1670,1636.5,1671.6,1622.2
9/27/2022,1636.2,1629.2,1650.1,1628.7
9/26/2022,1633.4,1651,1657.2,1627.7
9/23/2022,1655.6,1680.1,1685,1646.6
9/22/2022,1681.1,1682.8,1693.5,1663.3
9/21/2022,1675.7,1673.2,1696.9,1661.3
9/20/2022,1671.1,1684.9,1688.8,1668.1
9/19/2022,1678.2,1685.4,1688.8,1667.6
9/16/2022,1683.5,1673.7,1689.9,1661.9
9/15/2022,1677.3,1707.2,1707.8,1668.9
9/14/2022,1709.1,1711.6,1717.3,1703.3
9/13/2022,1717.4,1736,1742.9,1706.7
9/12/2022,1740.6,1728.4,1746.4,1722.3
9/9/2022,1728.6,1719.6,1740.5,1719.4
9/8/2022,1720.2,1729.5,1739.4,1713.7
9/7/2022,1727.8,1712.9,1731.2,1701.7
9/6/2022,1707.9,1719.7,1719.7,1714.2
9/5/2022,1712.9,1724.2,1737.4,1710.6
9/4/2022,1718.65,1723.6,1723.75,1718.65
9/2/2022,1722.6,1707.8,1729.5,1705.9
9/1/2022,1709.3,1723,1723,1699.1
8/31/2022,1726.2,1735.5,1738,1720.6
8/30/2022,1736.3,1749.8,1752.8,1732.9
8/29/2022,1749.7,1748.4,1757.9,1731.4
8/26/2022,1749.8,1771.8,1772.3,1746.2
8/25/2022,1771.4,1764.4,1778.8,1763
8/24/2022,1761.5,1761.3,1769.5,1754.8
8/23/2022,1761.2,1750,1767.5,1743.1
8/22/2022,1748.4,1760.6,1762.1,1740.2
8/19/2022,1762.9,1773.1,1773.3,1759.1
8/18/2022,1771.2,1777.1,1786.3,1768.8
8/17/2022,1776.7,1790.8,1796.6,1773.9
8/16/2022,1789.7,1795.5,1798,1785.4
8/15/2022,1798.1,1818.9,1818.9,1787.6
8/12/2022,1815.5,1805.2,1819.1,1799.6
8/11/2022,1807.2,1807.9,1814.9,1798.6
8/10/2022,1813.7,1811.5,1824.6,1803.3
8/9/2022,1812.3,1805.5,1817,1799.4
8/8/2022,1805.2,1790.3,1806.4,1786.9
8/5/2022,1791.2,1807.7,1811.6,1780.2
8/4/2022,1806.9,1782.1,1812,1779.4
8/3/2022,1776.4,1777.3,1789.4,1770
8/2/2022,1789.7,1789.2,1805,1776
8/1/2022,1787.7,1782.5,1792.5,1774.3
7/29/2022,1781.8,1773.1,1784.6,1768.4
7/28/2022,1769.2,1751.4,1774.4,1750.4
7/27/2022,1719.1,1715.2,1739.6,1709.1
7/26/2022,1717.7,1717.9,1726.4,1711.5
7/25/2022,1719.1,1726.3,1734.6,1712.9
7/22/2022,1727.4,1717.2,1738.3,1711.7
7/21/2022,1713.4,1693.7,1719.5,1678.4
7/20/2022,1700.2,1709.5,1712.7,1690.1
7/19/2022,1710.7,1707.2,1716.5,1702.6
7/18/2022,1710.2,1706.4,1722,1704.4
7/15/2022,1703.6,1708.2,1714.2,1696.6
7/14/2022,1705.8,1733.6,1734.8,1695
7/13/2022,1735.5,1723.6,1744.3,1704.5
7/12/2022,1724.8,1731.3,1742.2,1721.6
7/11/2022,1731.7,1741.5,1743,1729
7/8/2022,1742.3,1738.7,1751.7,1726
7/7/2022,1739.7,1737.2,1748.2,1734.7
7/6/2022,1736.5,1764.2,1771.5,1730.7
7/5/2022,1768.9,1817,1817,1768.9
7/4/2022,1763.9,1814.4,1815.2,1763
7/1/2022,1801.5,1808.1,1813.6,1783.4
6/30/2022,1807.3,1819.2,1826.8,1802.5
6/29/2022,1817.5,1821.4,1834.9,1810.7
6/28/2022,1821.2,1823.6,1830.9,1819.1
6/27/2022,1824.8,1839.6,1842.8,1821.8
6/24/2022,1830.3,1824.2,1833.7,1817.7
6/23/2022,1829.8,1839.7,1848.9,1823.5
6/22/2022,1838.4,1834.9,1850.3,1824.5
6/21/2022,1838.8,1840.6,1848.4,1830.7
6/20/2022,1838.8,1840.6,1848.4,1830.7
6/17/2022,1840.6,1859.3,1861.5,1836.1
6/16/2022,1849.9,1835.8,1860.2,1816.3
6/15/2022,1819.6,1809.7,1845.4,1808.4
6/14/2022,1813.5,1820.9,1833.3,1806.1
6/13/2022,1831.8,1879,1882.5,1819
6/10/2022,1875.5,1850.4,1879.6,1826.5
6/9/2022,1852.8,1855.1,1857.8,1841.9
6/8/2022,1856.5,1855,1862.4,1846.6
6/7/2022,1852.1,1843.5,1858.2,1838.5
6/6/2022,1843.7,1853.7,1861.2,1843
6/3/2022,1850.2,1872.6,1878.6,1849.7
6/2/2022,1871.4,1849.9,1874.4,1846.5
6/1/2022,1848.7,1840,1853,1830.2
5/31/2022,1848.4,1856.5,1867.9,1837.6
5/30/2022,1848.4,1856.5,1867.9,1837.6
5/27/2022,1857.3,1855.1,1866.9,1851.9
5/26/2022,1847.6,1851.8,1852.8,1836.3
5/25/2022,1846.3,1865.4,1866.7,1838.7
5/24/2022,1865.4,1852.3,1869.1,1847.6
5/23/2022,1847.8,1844.4,1864.3,1843.3
5/20/2022,1842.1,1839.6,1847.8,1830.6
5/19/2022,1841.2,1815.1,1848.2,1808.4
5/18/2022,1815.9,1813.2,1822.9,1805
5/17/2022,1818.9,1823.9,1834.8,1811
5/16/2022,1814,1809.4,1826,1785
5/13/2022,1808.2,1821.4,1827.6,1797.2
5/12/2022,1824.6,1852.3,1858.8,1820.1
5/11/2022,1853.7,1836.6,1857.8,1830.6
5/10/2022,1841,1853.9,1864.7,1834.5
5/9/2022,1858.6,1883.7,1885.6,1851
5/6/2022,1882.8,1877.5,1894,1865
5/5/2022,1875.7,1884.1,1910.7,1872.3
5/4/2022,1868.8,1868.3,1892,1861.1
5/3/2022,1870.6,1863.6,1878.4,1849.7
5/2/2022,1863.6,1896.2,1900.4,1853.4
4/29/2022,1911.7,1895.8,1921.3,1893.5
4/28/2022,1891.3,1886.8,1897.8,1870.9
4/27/2022,1888.7,1907.4,1908.1,1881.6
4/26/2022,1904.1,1899.8,1912.2,1896.3
4/25/2022,1896,1931.9,1935.5,1891.8
4/22/2022,1934.3,1953.1,1957.8,1928
4/21/2022,1948.2,1960,1960.1,1938
4/20/2022,1955.6,1952.7,1960.9,1941
4/19/2022,1959,1981.2,1985.1,1945.5
4/18/2022,1986.4,1978.5,2003,1974.4
4/14/2022,1974.9,1981.6,1984,1962.7
4/13/2022,1984.7,1970.5,1985.8,1966.3
4/12/2022,1976.1,1957.4,1982.7,1953
4/11/2022,1948.2,1949.6,1974.6,1942.9
4/8/2022,1945.6,1934.3,1952.2,1930.4
4/7/2022,1937.8,1928.1,1941.7,1923.3
4/6/2022,1923.1,1927.6,1937.6,1916.2
4/5/2022,1927.5,1937.3,1948.9,1920.9
4/4/2022,1934,1927.1,1941.6,1918.2
4/1/2022,1923.7,1942.4,1944.5,1921.4
3/31/2022,1954,1937.3,1955,1923
3/30/2022,1939,1924,1943.4,1920.1
3/29/2022,1912.2,1922.4,1929.4,1888.3
3/28/2022,1939.8,1958.7,1959.8,1915.7
3/25/2022,1954.2,1957.8,1965.1,1942.6
3/24/2022,1962.2,1944.1,1967.2,1937.4
3/23/2022,1937.3,1920.9,1948.8,1915.6
3/22/2022,1921.5,1936.1,1939.5,1909.8
3/21/2022,1929.5,1922.4,1941.8,1917.2
3/18/2022,1929.3,1943.9,1946.2,1918
3/17/2022,1943.2,1928.4,1951,1924
3/16/2022,1909.2,1920.1,1930.1,1895.2
3/15/2022,1929.7,1953.7,1956.9,1908.1
3/14/2022,1960.8,1988.7,1994.8,1952
3/11/2022,1985,2000.3,2004,1960.6
3/10/2022,2000.4,1992.8,2015.1,1975
3/9/2022,1988.2,2060.2,2068.5,1981
3/8/2022,2043.3,2001,2078.8,1985.8
3/7/2022,1995.9,1978.5,2007.5,1964.2
3/4/2022,1966.6,1938.5,1974.9,1931.5
3/3/2022,1935.9,1931.7,1944.6,1923.1
3/2/2022,1922.3,1945.3,1951.4,1916
3/1/2022,1943.8,1908.4,1952.6,1903
2/28/2022,1900.7,1921,1935.2,1892.2
2/25/2022,1887.6,1906.5,1925,1884.4
2/24/2022,1926.3,1911.9,1976.5,1878.6
2/23/2022,1910.4,1901.2,1912.9,1891.1
2/22/2022,1907.4,1903.5,1918.3,1889.7
2/21/2022,1907.4,1903.5,1918.3,1889.7
2/18/2022,1899.8,1901.4,1905,1888
2/17/2022,1902,1872,1904,1869.7
2/16/2022,1871.5,1855.5,1874.6,1851.8
2/15/2022,1856.2,1873.8,1881.6,1845.4
2/14/2022,1869.4,1862.2,1876.5,1851.9
2/11/2022,1842.1,1827,1867.4,1821.1
2/10/2022,1837.4,1834,1843.3,1821.8
2/9/2022,1836.6,1827,1837.1,1825.5
2/8/2022,1827.9,1821.5,1829.9,1816
2/7/2022,1821.8,1808,1824.6,1807.5
2/4/2022,1807.8,1805.4,1815.8,1792.1
2/3/2022,1804.1,1807.4,1809.5,1788.5
2/2/2022,1810.3,1800.8,1812,1794.6
2/1/2022,1801.5,1798.9,1809.7,1796.2
1/31/2022,1796.4,1792.8,1800.9,1785.8
1/28/2022,1786.6,1799.6,1800.3,1780.6
1/27/2022,1793.1,1819,1821.4,1790.6
1/26/2022,1829.7,1848,1850.2,1814.1
1/25/2022,1852.5,1843.6,1854.2,1834.4
1/24/2022,1841.7,1835.2,1844.9,1829.3
1/21/2022,1831.8,1840.6,1843.7,1828.4
1/20/2022,1842.6,1840.1,1848.5,1836.2
1/19/2022,1843.2,1812.9,1843.9,1809
1/18/2022,1814.1,1818.7,1824.2,1806.9
1/17/2022,1812.4,1818.7,1822.9,1804.7
1/14/2022,1816.5,1822.1,1829.3,1814.2
1/13/2022,1821.4,1825.7,1828.3,1811.8
1/12/2022,1827.3,1821.3,1828.2,1814.4
1/11/2022,1818.5,1801.3,1823.1,1799.7
1/10/2022,1798.8,1796.4,1802,1789.3
1/7/2022,1797.4,1791,1798.4,1781.3
1/6/2022,1789.2,1810.6,1811.6,1785.4
1/5/2022,1825.1,1815.2,1830.7,1808.2
1/4/2022,1814.6,1801.1,1817.2,1798.1
1/3/2022,1800.1,1830.1,1833,1798.2
12/31/2021,1828.6,1817,1831.4,1815.4
12/30/2021,1814.1,1805.6,1818.1,1796.2
12/29/2021,1805.8,1806.6,1808,1789.1
12/28/2021,1810.9,1812.1,1821.6,1805.5
12/27/2021,1808.8,1810.2,1814.6,1803.6
12/23/2021,1811.7,1805.6,1812,1799
12/22/2021,1802.2,1789.4,1806.3,1785.8
12/21/2021,1788.7,1791.4,1801.7,1785
12/20/2021,1794.6,1800.2,1804.6,1789
12/17/2021,1804.9,1801.5,1815.7,1796.5
12/16/2021,1798.2,1777.9,1800.7,1775.7
12/15/2021,1764.5,1771.9,1781.3,1753
12/14/2021,1772.3,1787.6,1789.8,1766.1
12/13/2021,1788.3,1784.2,1792.8,1782.2
12/10/2021,1784.8,1776.3,1791,1770.4
12/9/2021,1776.7,1784.3,1788.4,1773.3
12/8/2021,1785.5,1785.1,1794.3,1780.1
12/7/2021,1784.7,1779.5,1789.3,1772.4
12/6/2021,1779.5,1787.7,1789,1776.4
12/3/2021,1783.9,1769.4,1788,1766
12/2/2021,1762.7,1783.8,1785.2,1762.2
12/1/2021,1784.3,1777.4,1795.7,1773.7
11/30/2021,1776.5,1786.9,1811.4,1771.2
11/29/2021,1785.2,1795.2,1801.5,1782
11/26/2021,1786.9,1788.4,1817.7,1780.5
11/25/2021,1788.1,1792.3,1819.3,1781.6
11/24/2021,1784.3,1789.8,1796.2,1777.4
11/23/2021,1783.8,1807.1,1812.5,1781.7
11/22/2021,1806.3,1848.3,1850.4,1802.4
11/19/2021,1851.6,1860.8,1868.1,1844.2
11/18/2021,1861.4,1869.5,1873.3,1856.6
11/17/2021,1870.2,1851.6,1870.6,1851.1
11/16/2021,1854.1,1864.9,1879.5,1851
11/15/2021,1866.6,1872.6,1873,1858.5
11/12/2021,1868.5,1864.3,1871.4,1847.5
11/11/2021,1863.9,1851.5,1868.7,1845.1
11/10/2021,1848.3,1834.5,1870.6,1823
11/9/2021,1830.8,1826.9,1834.8,1821
11/8/2021,1828,1820.6,1828.3,1813.8
11/5/2021,1816.8,1792.6,1820.1,1785.3
11/4/2021,1793.5,1769.9,1800.3,1769.3
11/3/2021,1763.9,1789.2,1789.3,1758.5
11/2/2021,1789.4,1794.8,1797.8,1787.4
11/1/2021,1795.8,1785.3,1797.5,1780.2
10/29/2021,1783.9,1801.5,1802.9,1772.4
10/28/2021,1802.6,1798.7,1812.7,1793.1
10/27/2021,1798.8,1795,1801,1784.3
10/26/2021,1793.4,1808.7,1809.8,1783
10/25/2021,1806.8,1794.2,1811.5,1793
10/22/2021,1796.3,1783.7,1815.5,1783.4
10/21/2021,1781.9,1782.5,1790.3,1776.8
10/20/2021,1784.9,1769.4,1789.6,1767.1
10/19/2021,1770.5,1764.8,1786,1763.4
10/18/2021,1765.7,1767.5,1772.5,1760.3
10/15/2021,1768.3,1797.3,1797.7,1765.1
10/14/2021,1797.9,1793.6,1801.9,1787.6
10/13/2021,1794.7,1760.4,1797.4,1757.9
10/12/2021,1759.3,1753.6,1770,1750.5
10/11/2021,1755.7,1757.4,1761.1,1749.9
10/8/2021,1757.4,1757,1782.4,1753.6
10/7/2021,1759.2,1763.8,1767.7,1752
10/6/2021,1761.8,1760.5,1765.9,1745.4
10/5/2021,1760.9,1770.8,1771.1,1748.6
10/4/2021,1767.6,1762.6,1771.5,1747.7
10/1/2021,1758.4,1757.2,1765.2,1749.9
9/30/2021,1757,1726,1765,1721.8
9/29/2021,1722.9,1734,1746,1721.1
9/28/2021,1737.5,1750,1754.3,1727.8
9/27/2021,1752,1751.8,1760.9,1744.7
9/24/2021,1751.7,1743.7,1758,1740.2
9/23/2021,1749.8,1769.2,1777.1,1737.5
9/22/2021,1778.8,1775,1788.4,1764.6
9/21/2021,1778.2,1765.5,1782.8,1758.3
9/20/2021,1763.8,1754.2,1768.4,1742.3
9/17/2021,1751.4,1754.6,1767.8,1747.1
9/16/2021,1756.7,1795.5,1797.3,1745.5
9/15/2021,1794.8,1806.6,1808.5,1791.7
9/14/2021,1807.1,1794.8,1810.6,1780.6
9/13/2021,1794.4,1789.8,1800.2,1784.4
9/10/2021,1792.1,1796.2,1806,1788.2
9/9/2021,1800,1790.9,1803.4,1785.1
9/8/2021,1793.5,1796.1,1804.4,1783.1
9/7/2021,1797.4,1824,1824.4,1792.8
9/6/2021,1798.5,1833.5,1833.5,1793.7
9/3/2021,1833.7,1811.5,1836.9,1810.9
9/2/2021,1811.5,1816.2,1819.6,1806.5
9/1/2021,1816,1816.7,1822.7,1810.6
8/31/2021,1818.1,1812.2,1821.9,1803.4
8/30/2021,1812.2,1821.6,1826.5,1810
8/27/2021,1819.5,1795.2,1821.9,1785.2
8/26/2021,1795.2,1793,1800.4,1781.3
8/25/2021,1791,1805.1,1805.3,1784
8/24/2021,1808.5,1807.6,1812.2,1802.6
8/23/2021,1806.3,1781.2,1809.1,1778
8/20/2021,1784,1782.8,1791,1780
8/19/2021,1783.1,1789.5,1795,1774.6
8/18/2021,1784.4,1787.8,1795.7,1778.8
8/17/2021,1787.8,1789.1,1797.6,1782.1
8/16/2021,1789.8,1780.7,1791.3,1772
8/13/2021,1778.2,1754.4,1781.9,1753
8/12/2021,1751.8,1752.9,1759.6,1742.6
8/11/2021,1753.3,1730.4,1756.7,1724.6
8/10/2021,1731.7,1732,1739.4,1718.5
8/9/2021,1726.5,1765,1765.7,1677.9
8/6/2021,1763.1,1806.7,1807,1759.5
8/5/2021,1808.9,1814.9,1817.9,1799.7
8/4/2021,1814.5,1813.7,1835.9,1808.3
8/3/2021,1814.1,1816.8,1818.2,1809.5
8/2/2021,1822.2,1817,1823.2,1808.2
7/30/2021,1817.2,1832.5,1835.5,1813.1
7/29/2021,1835.8,1811.5,1837.5,1810.9
7/28/2021,1799.7,1798.6,1809,1790.7
7/27/2021,1799.8,1797.1,1805.4,1792.8
7/26/2021,1799.2,1802.3,1812,1796
7/23/2021,1801.8,1807.7,1810.7,1789.1
7/22/2021,1805.4,1803.9,1808.4,1791.9
7/21/2021,1803.4,1810.6,1814.4,1794.3
7/20/2021,1811.4,1813.5,1825.9,1805.2
7/19/2021,1809.2,1811.6,1818,1795
7/16/2021,1815,1830.7,1832.7,1809.5
7/15/2021,1829,1828.7,1835,1820.6
7/14/2021,1825,1808.3,1831.1,1804.9
7/13/2021,1809.9,1806.7,1818,1798.7
7/12/2021,1805.9,1808.5,1811,1791
7/9/2021,1810.6,1803.2,1813,1796.6
7/8/2021,1800.2,1803.8,1819.5,1793.5
7/7/2021,1802.1,1797,1810.2,1794.1
7/6/2021,1795,1790.7,1814.8,1790.1
7/5/2021,1794.2,1787.5,1815.7,1784.7
7/2/2021,1783.3,1777.5,1795.9,1774.4
7/1/2021,1776.8,1770.8,1783.4,1765.9
6/30/2021,1771.6,1761.9,1774.7,1753.2
6/29/2021,1763.6,1778.8,1779.2,1750.1
6/28/2021,1780.7,1782,1786.1,1770.4
6/25/2021,1777.8,1775.7,1791,1773.6
6/24/2021,1776.7,1778.2,1788.6,1772.7
6/23/2021,1783.4,1779.1,1795.6,1773.1
6/22/2021,1777.4,1783.2,1790.1,1771.2
6/21/2021,1782.9,1764.3,1786.9,1764.1
6/18/2021,1769,1773.9,1797.9,1761.2
6/17/2021,1774.8,1812.3,1826.4,1767.9
6/16/2021,1861.4,1861,1866,1804.4
6/15/2021,1856.4,1867.8,1870.9,1853
6/14/2021,1865.9,1879.6,1879.7,1845.7
6/11/2021,1879.6,1901.9,1906.2,1876.1
6/10/2021,1896.4,1891.4,1903,1871.8
6/9/2021,1895.5,1894.4,1901.7,1889.3
6/8/2021,1894.4,1901.6,1906.9,1885.7
6/7/2021,1898.8,1894.3,1902.9,1883.7
6/4/2021,1892,1872.7,1899,1855.6
6/3/2021,1873.3,1910.5,1912.3,1866.7
6/2/2021,1909.9,1903,1911.8,1896.4
6/1/2021,1905,1906.8,1919.2,1894.5
5/31/2021,1905,1906.8,1919.2,1894.5
5/28/2021,1905.3,1899.8,1908.8,1884.3
5/27/2021,1895.7,1896.8,1903.9,1888.2
5/26/2021,1901.2,1900,1913.3,1890.7
5/25/2021,1898,1881.2,1901.2,1873.2
5/24/2021,1884.5,1883.5,1887.9,1875.7
5/21/2021,1876.7,1878.1,1890.3,1870.3
5/20/2021,1881.9,1869.9,1885.3,1864.2
5/19/2021,1881.5,1870.2,1891.3,1852.2
5/18/2021,1868,1867.3,1875.9,1863.5
5/17/2021,1867.6,1845.9,1869.3,1841.1
5/14/2021,1838.1,1826.4,1847.1,1819
5/13/2021,1824,1816.2,1829.1,1808.4
5/12/2021,1822.8,1838.2,1844.7,1813
5/11/2021,1836.1,1836.2,1842.5,1817.8
5/10/2021,1837.6,1835.4,1846.3,1830.5
5/7/2021,1831.3,1815.4,1844.6,1813.4
5/6/2021,1815.7,1787,1818.6,1781.8
5/5/2021,1784.3,1778.4,1788.1,1769.3
5/4/2021,1776,1793.2,1799.5,1769.2
5/3/2021,1791.8,1768.1,1798.9,1765.6
4/30/2021,1767.7,1772.4,1773.3,1763.3
4/29/2021,1768.3,1781.9,1789.9,1754.6
4/28/2021,1773.9,1776.4,1782.7,1761.8
4/27/2021,1778.8,1781.1,1785.9,1773.9
4/26/2021,1780.1,1776.1,1783.1,1768.2
4/23/2021,1777.8,1784,1796.3,1769.5
4/22/2021,1782,1794.5,1798.1,1777.1
4/21/2021,1793.1,1779.1,1798.4,1776.6
4/20/2021,1778.4,1770.5,1780.8,1763.5
4/19/2021,1770.6,1778.8,1790.4,1766.6
4/16/2021,1780.2,1764.8,1784.7,1760.3
4/15/2021,1766.8,1736.6,1770.6,1734.4
4/14/2021,1736.3,1746.4,1750.7,1732.3
4/13/2021,1747.6,1732.2,1749.5,1723.2
4/12/2021,1732.7,1744.5,1746.2,1727
4/9/2021,1744.8,1756.5,1758.2,1730.8
4/8/2021,1758.2,1738.6,1759.4,1733.6
4/7/2021,1741.6,1744.4,1745.4,1731.2
4/6/2021,1743,1729.2,1746.7,1728.2
4/5/2021,1728.8,1730,1734.4,1721.6
4/1/2021,1728.4,1709,1732,1706.4
3/31/2021,1715.6,1685.9,1716.3,1677.3
3/30/2021,1686,1713,1714.8,1678.3
3/29/2021,1712.2,1731.5,1732.6,1703.3
3/26/2021,1732.3,1725.5,1735.5,1718.8
3/25/2021,1725.1,1733.2,1744.8,1720.3
3/24/2021,1733.2,1725.9,1737.7,1722.3
3/23/2021,1725.1,1738.5,1742,1722.7
3/22/2021,1738.1,1745.6,1747,1726.4
3/19/2021,1741.7,1733.7,1746.1,1727.1
3/18/2021,1732.5,1744,1754.2,1716.6
3/17/2021,1727.1,1730,1750.6,1722
3/16/2021,1730.9,1730.7,1740.5,1724.4
3/15/2021,1729.2,1726.5,1733.2,1719.2
3/12/2021,1719.8,1720.5,1728,1696.6
3/11/2021,1722.6,1725,1738,1716.8
3/10/2021,1721.8,1714.5,1725.3,1705.6
3/9/2021,1716.9,1679.3,1718.7,1676.7
3/8/2021,1678,1701.6,1712,1673.3
3/5/2021,1698.5,1695.3,1705.7,1683
3/4/2021,1700.7,1708.4,1721.6,1687.6
3/3/2021,1715.8,1736.5,1739.1,1699.4
3/2/2021,1733.6,1722.8,1737.8,1704.6
3/1/2021,1723,1732.8,1757.4,1717.2
2/26/2021,1728.8,1770.9,1773.8,1714.9
2/25/2021,1775.4,1804.9,1805,1763.9
2/24/2021,1797.9,1805,1813,1782.2
2/23/2021,1805.9,1809.3,1815.2,1794.5
2/22/2021,1808.4,1782,1812.4,1778.6
2/19/2021,1777.4,1774.6,1790.9,1759
2/18/2021,1775,1776,1788.8,1766.6
2/17/2021,1772.8,1793.1,1794.2,1767.9
2/16/2021,1799,1826,1827.1,1788.1
2/15/2021,1799,1826,1827.1,1788.1
2/12/2021,1823.2,1825.4,1831.5,1810.1
2/11/2021,1826.8,1844.3,1848.6,1821.7
2/10/2021,1842.7,1838.3,1856.6,1834
2/9/2021,1837.5,1832.4,1849.5,1830.3
2/8/2021,1834.2,1818.1,1840.6,1807.3
2/5/2021,1813,1794.3,1816,1792.2
2/4/2021,1791.2,1834.5,1835.7,1784.6
2/3/2021,1835.1,1838.5,1845.9,1830.1
2/2/2021,1833.4,1863.6,1866.3,1830.4
2/1/2021,1863.9,1865,1876,1851.7
1/29/2021,1850.3,1845.6,1878.9,1841.2
1/28/2021,1841.2,1847.2,1867,1835.6
1/27/2021,1844.9,1849.7,1851.5,1828.4
1/26/2021,1850.9,1854.9,1860.8,1847.2
1/25/2021,1855.2,1855.3,1867.4,1846.2
1/22/2021,1856.2,1870.1,1870.8,1836.3
1/21/2021,1865.9,1871,1874.6,1857.5
1/20/2021,1866.5,1839.9,1872,1831.1
1/19/2021,1842,1830.6,1846,1804.2
1/18/2021,1840.2,1828.8,1845,1800.8
1/15/2021,1829.9,1847.3,1856.6,1822.1
1/14/2021,1851.4,1845.6,1857.6,1826.6
1/13/2021,1854.9,1855,1863,1841.6
1/12/2021,1844.2,1845.4,1864,1835.8
1/11/2021,1850.8,1849.4,1856,1817.1
1/8/2021,1835.4,1915.2,1918.4,1827.8
1/7/2021,1913.6,1921.5,1929.6,1907.5
1/6/2021,1908.6,1952.8,1962.5,1902.6
1/5/2021,1954.4,1946,1957,1938.4
1/4/2021,1946.6,1908.2,1948.7,1906.1